STATE,STATENAME,ST_CASE,PEDS,PERNOTMVIT,VE_TOTAL,VE_FORMS,PVH_INVL,PERSONS,PERMVIT,COUNTY,COUNTYNAME,CITY,CITYNAME,MONTH,MONTHNAME,DAY,DAYNAME,DAY_WEEK,DAY_WEEKNAME,YEAR,HOUR,HOURNAME,MINUTE,MINUTENAME,TWAY_ID,TWAY_ID2,ROUTE,ROUTENAME,RUR_URB,RUR_URBNAME,FUNC_SYS,FUNC_SYSNAME,RD_OWNER,RD_OWNERNAME,NHS,NHSNAME,SP_JUR,SP_JURNAME,MILEPT,MILEPTNAME,LATITUDE,LATITUDENAME,LONGITUD,LONGITUDNAME,HARM_EV,HARM_EVNAME,MAN_COLL,MAN_COLLNAME,RELJCT1,RELJCT1NAME,RELJCT2,RELJCT2NAME,TYP_INT,TYP_INTNAME,REL_ROAD,REL_ROADNAME,WRK_ZONE,WRK_ZONENAME,LGT_COND,LGT_CONDNAME,WEATHER,WEATHERNAME,SCH_BUS,SCH_BUSNAME,RAIL,RAILNAME,NOT_HOUR,NOT_HOURNAME,NOT_MIN,NOT_MINNAME,ARR_HOUR,ARR_HOURNAME,ARR_MIN,ARR_MINNAME,HOSP_HR,HOSP_HRNAME,HOSP_MN,HOSP_MNNAME,FATALS
53,Washington,530230,0,0,2,2,0,3,3,33,KING (33),1830,RENTON,7,July,4,4,1,Sunday,2021,18,6:00pm-6:59pm,34,34,I-405 RAMP,,1,Interstate,2,Urban,1,Interstate,1,State Highway Agency,1,This section IS ON the NHS,0,No Special Jurisdiction,1,1,47.53156389,47.53156389,-122.1972111,-122.1972111,1,Rollover/Overturn,0,The First Harmful Event was Not a Collision with a Motor Vehicle in Transport,1,Yes,5,Entrance/Exit Ramp Related,1,Not an Intersection,8,Gore,0,None,1,Daylight,1,Clear,0,No,0000000,Not Applicable,99,Unknown,99,Unknown,99,Unknown EMS Scene Arrival Hour,99,Unknown EMS Scene Arrival Minutes,99,Unknown,99,Unknown EMS Hospital Arrival Time,1
53,Washington,530231,0,0,1,1,0,5,5,27,GRAYS HARBOR (27),10,ABERDEEN,7,July,10,10,7,Saturday,2021,1,1:00am-1:59am,22,22,US-101,SIMPSON AVE,2,U.S. Highway,2,Urban,3,Principal Arterial - Other,1,State Highway Agency,0,This section IS NOT on the NHS,0,No Special Jurisdiction,29,29,46.97486111,46.97486111,-123.831375,-123.831375,25,Concrete Traffic Barrier,0,The First Harmful Event was Not a Collision with a Motor Vehicle in Transport,0,No,3,Intersection-Related,4,Y-Intersection,4,On Roadside,0,None,3,Dark - Lighted,1,Clear,0,No,0000000,Not Applicable,99,Unknown,99,Unknown,99,Unknown EMS Scene Arrival Hour,99,Unknown EMS Scene Arrival Minutes,99,Unknown,99,Unknown EMS Hospital Arrival Time,1
53,Washington,530232,0,0,2,2,0,2,2,53,PIERCE (53),0,NOT APPLICABLE,6,June,21,21,2,Monday,2021,7,7:00am-7:59am,1,1,SR-7,304TH ST E,3,State Highway,1,Rural,4,Minor Arterial,1,State Highway Agency,0,This section IS NOT on the NHS,0,No Special Jurisdiction,391,391,46.98021667,46.98021667,-122.3579167,-122.3579167,12,Motor Vehicle In-Transport,1,Front-to-Rear,0,No,3,Intersection-Related,2,Four-Way Intersection,1,On Roadway,0,None,1,Daylight,1,Clear,0,No,0000000,Not Applicable,99,Unknown,99,Unknown,99,Unknown EMS Scene Arrival Hour,99,Unknown EMS Scene Arrival Minutes,99,Unknown,99,Unknown EMS Hospital Arrival Time,1
53,Washington,530233,0,0,1,1,0,1,1,21,FRANKLIN (21),1660,PASCO,7,July,19,19,2,Monday,2021,14,2:00pm-2:59pm,0,0,I-182 RAMP,,1,Interstate,2,Urban,1,Interstate,1,State Highway Agency,1,This section IS ON the NHS,0,No Special Jurisdiction,4,4,46.26716111,46.26716111,-119.1806111,-119.1806111,1,Rollover/Overturn,0,The First Harmful Event was Not a Collision with a Motor Vehicle in Transport,1,Yes,5,Entrance/Exit Ramp Related,1,Not an Intersection,4,On Roadside,0,None,1,Daylight,10,Cloudy,0,No,0000000,Not Applicable,99,Unknown,99,Unknown,99,Unknown EMS Scene Arrival Hour,99,Unknown EMS Scene Arrival Minutes,99,Unknown,99,Unknown EMS Hospital Arrival Time,1
53,Washington,530234,0,0,1,1,0,3,3,53,PIERCE (53),1124,LAKEWOOD,7,July,15,15,5,Thursday,2021,15,3:00pm-3:59pm,9,9,84TH ST S,Pine St S,6,Local Street - Municipality,2,Urban,4,Minor Arterial,4,City or Municipal Highway Agency,0,This section IS NOT on the NHS,0,No Special Jurisdiction,0,None,47.18116111,47.18116111,-122.4738611,-122.4738611,33,Curb,0,The First Harmful Event was Not a Collision with a Motor Vehicle in Transport,0,No,3,Intersection-Related,2,Four-Way Intersection,4,On Roadside,0,None,1,Daylight,1,Clear,0,No,0000000,Not Applicable,99,Unknown,99,Unknown,99,Unknown EMS Scene Arrival Hour,99,Unknown EMS Scene Arrival Minutes,99,Unknown,99,Unknown EMS Hospital Arrival Time,1
53,Washington,530236,0,0,2,2,0,2,2,11,CLARK (11),0,NOT APPLICABLE,7,July,11,11,1,Sunday,2021,22,10:00pm-10:59pm,8,8,CR-NE 159TH ST,NE 172ND AVE,4,County Road,1,Rural,4,Minor Arterial,2,County Highway Agency,0,This section IS NOT on the NHS,0,No Special Jurisdiction,23,23,45.73769444,45.73769444,-122.4957889,-122.4957889,12,Motor Vehicle In-Transport,1,Front-to-Rear,0,No,3,Intersection-Related,3,T-Intersection,1,On Roadway,0,None,2,Dark - Not Lighted,1,Clear,0,No,0000000,Not Applicable,99,Unknown,99,Unknown,99,Unknown EMS Scene Arrival Hour,99,Unknown EMS Scene Arrival Minutes,99,Unknown,99,Unknown EMS Hospital Arrival Time,1
53,Washington,530238,0,0,1,1,0,1,1,55,SAN JUAN (55),0,NOT APPLICABLE,7,July,17,17,7,Saturday,2021,7,7:00am-7:59am,36,36,CR-TERRILL BEACH RD,,4,County Road,1,Rural,5,Major Collector,2,County Highway Agency,0,This section IS NOT on the NHS,0,No Special Jurisdiction,99999,Unknown,48.70279722,48.70279722,-122.8847111,-122.8847111,35,Embankment,0,The First Harmful Event was Not a Collision with a Motor Vehicle in Transport,0,No,1,Non-Junction,1,Not an Intersection,4,On Roadside,0,None,2,Dark - Not Lighted,1,Clear,0,No,0000000,Not Applicable,99,Unknown,99,Unknown,99,Unknown EMS Scene Arrival Hour,99,Unknown EMS Scene Arrival Minutes,99,Unknown,99,Unknown EMS Hospital Arrival Time,1
53,Washington,530239,0,0,2,2,0,3,3,77,YAKIMA (77),0,NOT APPLICABLE,7,July,13,13,3,Tuesday,2021,20,8:00pm-8:59pm,8,8,CR-BUENA RD,,4,County Road,1,Rural,6,Minor Collector,2,County Highway Agency,0,This section IS NOT on the NHS,0,No Special Jurisdiction,9,9,46.4283,46.4283,-120.3124694,-120.3124694,12,Motor Vehicle In-Transport,2,Front-to-Front,0,No,1,Non-Junction,1,Not an Intersection,1,On Roadway,0,None,1,Daylight,1,Clear,0,No,0000000,Not Applicable,99,Unknown,99,Unknown,99,Unknown EMS Scene Arrival Hour,99,Unknown EMS Scene Arrival Minutes,99,Unknown,99,Unknown EMS Hospital Arrival Time,1
53,Washington,530240,0,0,1,1,0,3,3,53,PIERCE (53),0,NOT APPLICABLE,7,July,8,8,5,Thursday,2021,14,2:00pm-2:59pm,25,25,SR-123,,3,State Highway,1,Rural,4,Minor Arterial,1,State Highway Agency,0,This section IS NOT on the NHS,0,No Special Jurisdiction,94,94,46.80874722,46.80874722,-121.5554194,-121.5554194,42,Tree (Standing Only),0,The First Harmful Event was Not a Collision with a Motor Vehicle in Transport,0,No,1,Non-Junction,1,Not an Intersection,1,On Roadway,0,None,1,Daylight,1,Clear,0,No,0000000,Not Applicable,99,Unknown,99,Unknown,99,Unknown EMS Scene Arrival Hour,99,Unknown EMS Scene Arrival Minutes,99,Unknown,99,Unknown EMS Hospital Arrival Time,1
53,Washington,530241,0,0,1,1,0,1,1,41,LEWIS (41),0,NOT APPLICABLE,7,July,21,21,4,Wednesday,2021,22,10:00pm-10:59pm,57,57,I-5,,1,Interstate,2,Urban,1,Interstate,1,State Highway Agency,1,This section IS ON the NHS,0,No Special Jurisdiction,813,813,46.70576111,46.70576111,-122.9735194,-122.9735194,52,Guardrail End,0,The First Harmful Event was Not a Collision with a Motor Vehicle in Transport,0,No,1,Non-Junction,1,Not an Intersection,4,On Roadside,0,None,2,Dark - Not Lighted,1,Clear,0,No,0000000,Not Applicable,99,Unknown,99,Unknown,99,Unknown EMS Scene Arrival Hour,99,Unknown EMS Scene Arrival Minutes,99,Unknown,99,Unknown EMS Hospital Arrival Time,1
53,Washington,530242,2,2,1,1,0,1,1,31,JEFFERSON (31),0,NOT APPLICABLE,7,July,19,19,2,Monday,2021,13,1:00pm-1:59pm,1,1,US-101,,2,U.S. Highway,1,Rural,3,Principal Arterial - Other,1,State Highway Agency,0,This section IS NOT on the NHS,3,Indian Reservation,1531,1531,47.55524444,47.55524444,-124.3567722,-124.3567722,32,Culvert,0,The First Harmful Event was Not a Collision with a Motor Vehicle in Transport,0,No,1,Non-Junction,1,Not an Intersection,4,On Roadside,0,None,1,Daylight,1,Clear,0,No,0000000,Not Applicable,99,Unknown,99,Unknown,99,Unknown EMS Scene Arrival Hour,99,Unknown EMS Scene Arrival Minutes,99,Unknown,99,Unknown EMS Hospital Arrival Time,1
53,Washington,530243,0,0,2,2,0,3,3,35,KITSAP (35),0,NOT APPLICABLE,7,July,22,22,5,Thursday,2021,15,3:00pm-3:59pm,20,20,CR-BETHEL BURLEY RD SE,,4,County Road,2,Urban,4,Minor Arterial,2,County Highway Agency,0,This section IS NOT on the NHS,0,No Special Jurisdiction,7,7,47.41304444,47.41304444,-122.6277778,-122.6277778,1,Rollover/Overturn,0,The First Harmful Event was Not a Collision with a Motor Vehicle in Transport,0,No,8,Driveway Access Related,1,Not an Intersection,1,On Roadway,0,None,1,Daylight,1,Clear,0,No,0000000,Not Applicable,99,Unknown,99,Unknown,99,Unknown EMS Scene Arrival Hour,99,Unknown EMS Scene Arrival Minutes,99,Unknown,99,Unknown EMS Hospital Arrival Time,1
53,Washington,530244,0,0,2,2,0,2,2,67,THURSTON (67),0,NOT APPLICABLE,7,July,25,25,1,Sunday,2021,16,4:00pm-4:59pm,57,57,US-12,FORSTROM ST SW,2,U.S. Highway,1,Rural,3,Principal Arterial - Other,1,State Highway Agency,0,This section IS NOT on the NHS,0,No Special Jurisdiction,406,406,46.82405556,46.82405556,-123.1181194,-123.1181194,12,Motor Vehicle In-Transport,6,Angle,0,No,2,Intersection,2,Four-Way Intersection,1,On Roadway,0,None,1,Daylight,1,Clear,0,No,0000000,Not Applicable,99,Unknown,99,Unknown,99,Unknown EMS Scene Arrival Hour,99,Unknown EMS Scene Arrival Minutes,99,Unknown,99,Unknown EMS Hospital Arrival Time,1
53,Washington,530245,0,0,2,2,0,3,3,77,YAKIMA (77),0,NOT APPLICABLE,7,July,23,23,6,Friday,2021,11,11:00am-11:59am,29,29,SR-821,,3,State Highway,1,Rural,5,Major Collector,1,State Highway Agency,0,This section IS NOT on the NHS,0,No Special Jurisdiction,25,25,46.70946944,46.70946944,-120.4671694,-120.4671694,12,Motor Vehicle In-Transport,6,Angle,0,No,8,Driveway Access Related,1,Not an Intersection,1,On Roadway,0,None,1,Daylight,1,Clear,0,No,0000000,Not Applicable,99,Unknown,99,Unknown,99,Unknown EMS Scene Arrival Hour,99,Unknown EMS Scene Arrival Minutes,99,Unknown,99,Unknown EMS Hospital Arrival Time,1
53,Washington,530246,0,0,1,1,0,2,2,53,PIERCE (53),2230,TACOMA,7,July,18,18,1,Sunday,2021,18,6:00pm-6:59pm,7,7,I-705 RAMP,,1,Interstate,2,Urban,1,Interstate,1,State Highway Agency,1,This section IS ON the NHS,0,No Special Jurisdiction,2,2,47.23595,47.23595,-122.4322139,-122.4322139,25,Concrete Traffic Barrier,0,The First Harmful Event was Not a Collision with a Motor Vehicle in Transport,1,Yes,5,Entrance/Exit Ramp Related,1,Not an Intersection,4,On Roadside,0,None,1,Daylight,1,Clear,0,No,0000000,Not Applicable,99,Unknown,99,Unknown,99,Unknown EMS Scene Arrival Hour,99,Unknown EMS Scene Arrival Minutes,88,Not Applicable (Not Transported),88,Not Applicable (Not Transported),2
53,Washington,530247,0,0,2,2,0,3,3,53,PIERCE (53),0,NOT APPLICABLE,7,July,21,21,4,Wednesday,2021,16,4:00pm-4:59pm,40,40,CR-STEELE ST S,SALES RD S,4,County Road,2,Urban,3,Principal Arterial - Other,2,County Highway Agency,0,This section IS NOT on the NHS,0,No Special Jurisdiction,55,55,47.16259444,47.16259444,-122.4672167,-122.4672167,12,Motor Vehicle In-Transport,6,Angle,0,No,2,Intersection,2,Four-Way Intersection,1,On Roadway,0,None,1,Daylight,1,Clear,0,No,0000000,Not Applicable,99,Unknown,99,Unknown,99,Unknown EMS Scene Arrival Hour,99,Unknown EMS Scene Arrival Minutes,99,Unknown,99,Unknown EMS Hospital Arrival Time,1
53,Washington,530248,0,0,2,2,0,2,2,25,GRANT (25),0,NOT APPLICABLE,7,July,15,15,5,Thursday,2021,6,6:00am-6:59am,22,22,SR-26,RD F SW,3,State Highway,1,Rural,2,Principal Arterial - Other Freeways and Expressways,1,State Highway Agency,0,This section IS NOT on the NHS,0,No Special Jurisdiction,182,182,46.89392222,46.89392222,-119.6184694,-119.6184694,12,Motor Vehicle In-Transport,6,Angle,0,No,2,Intersection,2,Four-Way Intersection,1,On Roadway,0,None,4,Dawn,1,Clear,0,No,0000000,Not Applicable,99,Unknown,99,Unknown,99,Unknown EMS Scene Arrival Hour,99,Unknown EMS Scene Arrival Minutes,99,Unknown,99,Unknown EMS Hospital Arrival Time,1
53,Washington,530249,1,1,1,1,0,1,1,33,KING (33),0,NOT APPLICABLE,7,July,18,18,1,Sunday,2021,6,6:00am-6:59am,20,20,CR-SE 216TH WAY,,4,County Road,2,Urban,5,Major Collector,2,County Highway Agency,0,This section IS NOT on the NHS,0,No Special Jurisdiction,8,8,47.40833333,47.40833333,-122.0228667,-122.0228667,8,Pedestrian,0,The First Harmful Event was Not a Collision with a Motor Vehicle in Transport,0,No,1,Non-Junction,1,Not an Intersection,2,On Shoulder,0,None,1,Daylight,1,Clear,0,No,0000000,Not Applicable,99,Unknown,99,Unknown,99,Unknown EMS Scene Arrival Hour,99,Unknown EMS Scene Arrival Minutes,88,Not Applicable (Not Transported),88,Not Applicable (Not Transported),1
53,Washington,530250,0,0,1,1,0,3,3,33,KING (33),0,NOT APPLICABLE,7,July,17,17,7,Saturday,2021,19,7:00pm-7:59pm,34,34,CR-LANDSBURD RD SE,,4,County Road,1,Rural,5,Major Collector,2,County Highway Agency,0,This section IS NOT on the NHS,0,No Special Jurisdiction,58,58,47.38378611,47.38378611,-121.9731056,-121.9731056,38,Fence,0,The First Harmful Event was Not a Collision with a Motor Vehicle in Transport,0,No,1,Non-Junction,1,Not an Intersection,4,On Roadside,0,None,1,Daylight,1,Clear,0,No,0000000,Not Applicable,99,Unknown,99,Unknown,99,Unknown EMS Scene Arrival Hour,99,Unknown EMS Scene Arrival Minutes,99,Unknown,99,Unknown EMS Hospital Arrival Time,2
53,Washington,530251,0,0,1,1,0,1,1,5,BENTON (5),0,NOT APPLICABLE,7,July,26,26,2,Monday,2021,0,0:00am-0:59am,5,5,SR-14,,3,State Highway,1,Rural,4,Minor Arterial,1,State Highway Agency,0,This section IS NOT on the NHS,0,No Special Jurisdiction,1639,1639,45.91420833,45.91420833,-119.6607889,-119.6607889,1,Rollover/Overturn,0,The First Harmful Event was Not a Collision with a Motor Vehicle in Transport,0,No,1,Non-Junction,1,Not an Intersection,1,On Roadway,0,None,2,Dark - Not Lighted,1,Clear,0,No,0000000,Not Applicable,99,Unknown,99,Unknown,99,Unknown EMS Scene Arrival Hour,99,Unknown EMS Scene Arrival Minutes,88,Not Applicable (Not Transported),88,Not Applicable (Not Transported),1
53,Washington,530252,0,0,2,2,0,3,3,33,KING (33),1958,SEATAC,6,June,23,23,4,Wednesday,2021,22,10:00pm-10:59pm,10,10,MILITARY RD S,S 209th St,6,Local Street - Municipality,2,Urban,4,Minor Arterial,4,City or Municipal Highway Agency,0,This section IS NOT on the NHS,0,No Special Jurisdiction,99999,Unknown,47.41455278,47.41455278,-122.2881778,-122.2881778,12,Motor Vehicle In-Transport,2,Front-to-Front,0,No,2,Intersection,3,T-Intersection,1,On Roadway,0,None,3,Dark - Lighted,1,Clear,0,No,0000000,Not Applicable,99,Unknown,99,Unknown,99,Unknown EMS Scene Arrival Hour,99,Unknown EMS Scene Arrival Minutes,99,Unknown,99,Unknown EMS Hospital Arrival Time,3
53,Washington,530253,0,0,1,1,0,1,1,27,GRAYS HARBOR (27),0,NOT APPLICABLE,7,July,23,23,6,Friday,2021,15,3:00pm-3:59pm,5,5,SR-109,PACIFIC LANE,3,State Highway,1,Rural,5,Major Collector,1,State Highway Agency,0,This section IS NOT on the NHS,0,No Special Jurisdiction,196,196,47.09321667,47.09321667,-124.1696556,-124.1696556,1,Rollover/Overturn,0,The First Harmful Event was Not a Collision with a Motor Vehicle in Transport,0,No,3,Intersection-Related,3,T-Intersection,4,On Roadside,0,None,1,Daylight,1,Clear,0,No,0000000,Not Applicable,99,Unknown,99,Unknown,99,Unknown EMS Scene Arrival Hour,99,Unknown EMS Scene Arrival Minutes,99,Unknown,99,Unknown EMS Hospital Arrival Time,1
53,Washington,530254,0,0,2,2,0,3,3,53,PIERCE (53),0,NOT APPLICABLE,7,July,27,27,3,Tuesday,2021,19,7:00pm-7:59pm,58,58,CR-LAKEWOOD DR W,68TH ST W,4,County Road,2,Urban,3,Principal Arterial - Other,2,County Highway Agency,0,This section IS NOT on the NHS,0,No Special Jurisdiction,22,22,47.19619722,47.19619722,-122.5086972,-122.5086972,12,Motor Vehicle In-Transport,6,Angle,0,No,2,Intersection,3,T-Intersection,1,On Roadway,0,None,5,Dusk,1,Clear,0,No,0000000,Not Applicable,99,Unknown,99,Unknown,99,Unknown EMS Scene Arrival Hour,99,Unknown EMS Scene Arrival Minutes,99,Unknown,99,Unknown EMS Hospital Arrival Time,1
53,Washington,530255,0,0,1,1,0,1,1,53,PIERCE (53),0,NOT APPLICABLE,7,July,24,24,7,Saturday,2021,16,4:00pm-4:59pm,32,32,FOREST ROAD 75,,8,Other,1,Rural,7,Local,64,U.S. Forest Service,0,This section IS NOT on the NHS,0,No Special Jurisdiction,30,30,47.08963611,47.08963611,-121.6303306,-121.6303306,42,Tree (Standing Only),0,The First Harmful Event was Not a Collision with a Motor Vehicle in Transport,0,No,1,Non-Junction,1,Not an Intersection,4,On Roadside,0,None,1,Daylight,1,Clear,0,No,0000000,Not Applicable,99,Unknown,99,Unknown,99,Unknown EMS Scene Arrival Hour,99,Unknown EMS Scene Arrival Minutes,99,Unknown,99,Unknown EMS Hospital Arrival Time,1
53,Washington,530256,1,1,1,1,0,1,1,53,PIERCE (53),0,NOT APPLICABLE,7,July,28,28,4,Wednesday,2021,22,10:00pm-10:59pm,58,58,CR-WRIGHT BLISS RD NW,109TH CT NW,4,County Road,1,Rural,5,Major Collector,2,County Highway Agency,0,This section IS NOT on the NHS,0,No Special Jurisdiction,8,8,47.35787222,47.35787222,-122.7639917,-122.7639917,8,Pedestrian,0,The First Harmful Event was Not a Collision with a Motor Vehicle in Transport,0,No,3,Intersection-Related,3,T-Intersection,1,On Roadway,0,None,2,Dark - Not Lighted,1,Clear,0,No,0000000,Not Applicable,99,Unknown,99,Unknown,99,Unknown EMS Scene Arrival Hour,99,Unknown EMS Scene Arrival Minutes,99,Unknown,99,Unknown EMS Hospital Arrival Time,1
53,Washington,530258,1,1,1,1,0,1,1,53,PIERCE (53),2230,TACOMA,5,May,10,10,2,Monday,2021,8,8:00am-8:59am,40,40,I-705,,1,Interstate,2,Urban,1,Interstate,1,State Highway Agency,1,This section IS ON the NHS,0,No Special Jurisdiction,99999,Unknown,47.23008611,47.23008611,-122.4509389,-122.4509389,8,Pedestrian,0,The First Harmful Event was Not a Collision with a Motor Vehicle in Transport,0,No,1,Non-Junction,1,Not an Intersection,1,On Roadway,0,None,1,Daylight,1,Clear,0,No,0000000,Not Applicable,99,Unknown,99,Unknown,99,Unknown EMS Scene Arrival Hour,99,Unknown EMS Scene Arrival Minutes,88,Not Applicable (Not Transported),88,Not Applicable (Not Transported),1
53,Washington,530259,1,1,2,2,0,1,1,33,KING (33),1030,KENT,7,July,11,11,1,Sunday,2021,2,2:00am-2:59am,43,43,SR-167,,3,State Highway,2,Urban,2,Principal Arterial - Other Freeways and Expressways,1,State Highway Agency,0,This section IS NOT on the NHS,0,No Special Jurisdiction,208,208,47.37710833,47.37710833,-122.2441778,-122.2441778,12,Motor Vehicle In-Transport,1,Front-to-Rear,0,No,1,Non-Junction,1,Not an Intersection,1,On Roadway,0,None,2,Dark - Not Lighted,1,Clear,0,No,0000000,Not Applicable,99,Unknown,99,Unknown,99,Unknown EMS Scene Arrival Hour,99,Unknown EMS Scene Arrival Minutes,99,Unknown,99,Unknown EMS Hospital Arrival Time,1
53,Washington,530260,1,4,2,1,1,4,1,67,THURSTON (67),0,NOT APPLICABLE,7,July,8,8,5,Thursday,2021,9,9:00am-9:59am,7,7,I-5 RAMP,,1,Interstate,2,Urban,1,Interstate,1,State Highway Agency,1,This section IS ON the NHS,0,No Special Jurisdiction,3,3,46.80517222,46.80517222,-123.0063472,-123.0063472,8,Pedestrian,0,The First Harmful Event was Not a Collision with a Motor Vehicle in Transport,1,Yes,5,Entrance/Exit Ramp Related,1,Not an Intersection,2,On Shoulder,0,None,1,Daylight,10,Cloudy,0,No,0000000,Not Applicable,99,Unknown,99,Unknown,99,Unknown EMS Scene Arrival Hour,99,Unknown EMS Scene Arrival Minutes,99,Unknown,99,Unknown EMS Hospital Arrival Time,2
53,Washington,530261,0,0,2,2,0,3,3,77,YAKIMA (77),0,NOT APPLICABLE,7,July,29,29,5,Thursday,2021,14,2:00pm-2:59pm,23,23,CR- YAKIMA VALLEY HWY,,4,County Road,1,Rural,5,Major Collector,2,County Highway Agency,0,This section IS NOT on the NHS,0,No Special Jurisdiction,41,41,46.47662778,46.47662778,-120.3914861,-120.3914861,12,Motor Vehicle In-Transport,2,Front-to-Front,0,No,1,Non-Junction,1,Not an Intersection,1,On Roadway,0,None,1,Daylight,1,Clear,0,No,0000000,Not Applicable,99,Unknown,99,Unknown,99,Unknown EMS Scene Arrival Hour,99,Unknown EMS Scene Arrival Minutes,99,Unknown,99,Unknown EMS Hospital Arrival Time,1
53,Washington,530262,0,0,2,2,0,7,7,73,WHATCOM (73),0,NOT APPLICABLE,7,July,24,24,7,Saturday,2021,16,4:00pm-4:59pm,24,24,SR-11,,3,State Highway,2,Urban,5,Major Collector,1,State Highway Agency,0,This section IS NOT on the NHS,0,No Special Jurisdiction,158,158,48.66540833,48.66540833,-122.4864194,-122.4864194,12,Motor Vehicle In-Transport,2,Front-to-Front,0,No,1,Non-Junction,1,Not an Intersection,1,On Roadway,0,None,1,Daylight,1,Clear,0,No,0000000,Not Applicable,99,Unknown,99,Unknown,99,Unknown EMS Scene Arrival Hour,99,Unknown EMS Scene Arrival Minutes,99,Unknown,99,Unknown EMS Hospital Arrival Time,2
53,Washington,530263,0,0,2,2,0,3,3,33,KING (33),0,NOT APPLICABLE,7,July,31,31,7,Saturday,2021,21,9:00pm-9:59pm,22,22,CR-VASHON HWY SW,,4,County Road,1,Rural,4,Minor Arterial,2,County Highway Agency,0,This section IS NOT on the NHS,0,No Special Jurisdiction,40,40,47.38528889,47.38528889,-122.4790639,-122.4790639,12,Motor Vehicle In-Transport,1,Front-to-Rear,0,No,8,Driveway Access Related,1,Not an Intersection,1,On Roadway,0,None,5,Dusk,1,Clear,0,No,0000000,Not Applicable,99,Unknown,99,Unknown,99,Unknown EMS Scene Arrival Hour,99,Unknown EMS Scene Arrival Minutes,99,Unknown,99,Unknown EMS Hospital Arrival Time,1
53,Washington,530264,0,0,1,1,0,1,1,53,PIERCE (53),0,NOT APPLICABLE,8,August,2,2,2,Monday,2021,19,7:00pm-7:59pm,40,40,CR-LEBOR DEVORE RD E,,4,County Road,1,Rural,6,Minor Collector,2,County Highway Agency,0,This section IS NOT on the NHS,0,No Special Jurisdiction,4,4,46.972225,46.972225,-122.3199167,-122.3199167,38,Fence,0,The First Harmful Event was Not a Collision with a Motor Vehicle in Transport,0,No,1,Non-Junction,1,Not an Intersection,4,On Roadside,0,None,1,Daylight,1,Clear,0,No,0000000,Not Applicable,99,Unknown,99,Unknown,99,Unknown EMS Scene Arrival Hour,99,Unknown EMS Scene Arrival Minutes,88,Not Applicable (Not Transported),88,Not Applicable (Not Transported),1
53,Washington,530265,1,1,1,1,0,1,1,47,OKANOGAN (47),1600,OMAK,7,July,29,29,5,Thursday,2021,15,3:00pm-3:59pm,30,30,US-97,DAYTON ST,2,U.S. Highway,2,Urban,2,Principal Arterial - Other Freeways and Expressways,1,State Highway Agency,1,This section IS ON the NHS,3,Indian Reservation,2763,2763,48.40387222,48.40387222,-119.5213389,-119.5213389,8,Pedestrian,0,The First Harmful Event was Not a Collision with a Motor Vehicle in Transport,0,No,3,Intersection-Related,3,T-Intersection,1,On Roadway,0,None,1,Daylight,1,Clear,0,No,0000000,Not Applicable,99,Unknown,99,Unknown,99,Unknown EMS Scene Arrival Hour,99,Unknown EMS Scene Arrival Minutes,88,Not Applicable (Not Transported),88,Not Applicable (Not Transported),1
53,Washington,530266,0,0,2,2,0,2,2,63,SPOKANE (63),2110,SPOKANE,8,August,2,2,2,Monday,2021,14,2:00pm-2:59pm,20,20,W AIRPORT DR,S Spotted Rd,6,Local Street - Municipality,2,Urban,3,Principal Arterial - Other,4,City or Municipal Highway Agency,0,This section IS NOT on the NHS,0,No Special Jurisdiction,0,None,47.63730556,47.63730556,-117.5184028,-117.5184028,12,Motor Vehicle In-Transport,6,Angle,0,No,2,Intersection,2,Four-Way Intersection,1,On Roadway,0,None,1,Daylight,1,Clear,0,No,0000000,Not Applicable,99,Unknown,99,Unknown,99,Unknown EMS Scene Arrival Hour,99,Unknown EMS Scene Arrival Minutes,99,Unknown,99,Unknown EMS Hospital Arrival Time,1
53,Washington,530267,0,0,2,2,0,3,3,29,ISLAND (29),0,NOT APPLICABLE,7,July,30,30,6,Friday,2021,15,3:00pm-3:59pm,41,41,CR-ENGLE RD,,4,County Road,1,Rural,5,Major Collector,2,County Highway Agency,0,This section IS NOT on the NHS,0,No Special Jurisdiction,99999,Unknown,48.1988,48.1988,-122.6861583,-122.6861583,12,Motor Vehicle In-Transport,6,Angle,0,No,8,Driveway Access Related,1,Not an Intersection,1,On Roadway,0,None,1,Daylight,1,Clear,0,No,0000000,Not Applicable,99,Unknown,99,Unknown,99,Unknown EMS Scene Arrival Hour,99,Unknown EMS Scene Arrival Minutes,99,Unknown,99,Unknown EMS Hospital Arrival Time,1
53,Washington,530268,1,1,1,1,0,1,1,77,YAKIMA (77),2590,YAKIMA,7,July,18,18,1,Sunday,2021,20,8:00pm-8:59pm,0,0,N 5TH AVE,,6,Local Street - Municipality,2,Urban,3,Principal Arterial - Other,4,City or Municipal Highway Agency,0,This section IS NOT on the NHS,0,No Special Jurisdiction,0,None,46.60945,46.60945,-120.5185472,-120.5185472,9,Pedalcyclist,0,The First Harmful Event was Not a Collision with a Motor Vehicle in Transport,0,No,1,Non-Junction,1,Not an Intersection,1,On Roadway,0,None,1,Daylight,1,Clear,0,No,0000000,Not Applicable,99,Unknown,99,Unknown,99,Unknown EMS Scene Arrival Hour,99,Unknown EMS Scene Arrival Minutes,99,Unknown,99,Unknown EMS Hospital Arrival Time,1