STATE,STATENAME,ST_CASE,PEDS,PERNOTMVIT,VE_TOTAL,VE_FORMS,PVH_INVL,PERSONS,PERMVIT,COUNTY,COUNTYNAME,CITY,CITYNAME,MONTH,MONTHNAME,DAY,DAYNAME,DAY_WEEK,DAY_WEEKNAME,YEAR,HOUR,HOURNAME,MINUTE,MINUTENAME,TWAY_ID,TWAY_ID2,ROUTE,ROUTENAME,RUR_URB,RUR_URBNAME,FUNC_SYS,FUNC_SYSNAME,RD_OWNER,RD_OWNERNAME,NHS,NHSNAME,SP_JUR,SP_JURNAME,MILEPT,MILEPTNAME,LATITUDE,LATITUDENAME,LONGITUD,LONGITUDNAME,HARM_EV,HARM_EVNAME,MAN_COLL,MAN_COLLNAME,RELJCT1,RELJCT1NAME,RELJCT2,RELJCT2NAME,TYP_INT,TYP_INTNAME,REL_ROAD,REL_ROADNAME,WRK_ZONE,WRK_ZONENAME,LGT_COND,LGT_CONDNAME,WEATHER,WEATHERNAME,SCH_BUS,SCH_BUSNAME,RAIL,RAILNAME,NOT_HOUR,NOT_HOURNAME,NOT_MIN,NOT_MINNAME,ARR_HOUR,ARR_HOURNAME,ARR_MIN,ARR_MINNAME,HOSP_HR,HOSP_HRNAME,HOSP_MN,HOSP_MNNAME,FATALS
53,Washington,530269,2,2,1,1,0,1,1,61,SNOHOMISH (61),0,NOT APPLICABLE,8,August,3,3,3,Tuesday,2021,1,1:00am-1:59am,43,43,CR-13TH AVE W,,4,County Road,1,Rural,6,Minor Collector,2,County Highway Agency,0,This section IS NOT on the NHS,0,No Special Jurisdiction,3,3,47.84509722,47.84509722,-122.2513278,-122.2513278,8,Pedestrian,0,The First Harmful Event was Not a Collision with a Motor Vehicle in Transport,0,No,1,Non-Junction,1,Not an Intersection,1,On Roadway,0,None,2,Dark - Not Lighted,1,Clear,0,No,0000000,Not Applicable,99,Unknown,99,Unknown,99,Unknown EMS Scene Arrival Hour,99,Unknown EMS Scene Arrival Minutes,99,Unknown,99,Unknown EMS Hospital Arrival Time,1
53,Washington,530270,0,0,1,1,0,1,1,45,MASON (45),0,NOT APPLICABLE,7,July,23,23,6,Friday,2021,4,4:00am-4:59am,0,0,CR-E JOHNS PRAIRIE RD,,4,County Road,2,Urban,5,Major Collector,2,County Highway Agency,0,This section IS NOT on the NHS,0,No Special Jurisdiction,27,27,47.24766389,47.24766389,-123.0665694,-123.0665694,1,Rollover/Overturn,0,The First Harmful Event was Not a Collision with a Motor Vehicle in Transport,0,No,1,Non-Junction,1,Not an Intersection,1,On Roadway,0,None,2,Dark - Not Lighted,1,Clear,0,No,0000000,Not Applicable,99,Unknown,99,Unknown,99,Unknown EMS Scene Arrival Hour,99,Unknown EMS Scene Arrival Minutes,99,Unknown,99,Unknown EMS Hospital Arrival Time,1
53,Washington,530271,0,0,1,1,0,1,1,53,PIERCE (53),2230,TACOMA,7,July,29,29,5,Thursday,2021,20,8:00pm-8:59pm,10,10,SR-7,,3,State Highway,2,Urban,2,Principal Arterial - Other Freeways and Expressways,1,State Highway Agency,0,This section IS NOT on the NHS,0,No Special Jurisdiction,580,580,47.23037222,47.23037222,-122.428925,-122.428925,25,Concrete Traffic Barrier,0,The First Harmful Event was Not a Collision with a Motor Vehicle in Transport,1,Yes,19,Other location within Interchange Area,1,Not an Intersection,3,On Median,0,None,1,Daylight,1,Clear,0,No,0000000,Not Applicable,99,Unknown,99,Unknown,99,Unknown EMS Scene Arrival Hour,99,Unknown EMS Scene Arrival Minutes,99,Unknown,99,Unknown EMS Hospital Arrival Time,1
53,Washington,530272,0,0,2,2,0,2,2,33,KING (33),1030,KENT,6,June,10,10,5,Thursday,2021,20,8:00pm-8:59pm,0,0,VETERANS DR,,6,Local Street - Municipality,2,Urban,4,Minor Arterial,4,City or Municipal Highway Agency,0,This section IS NOT on the NHS,0,No Special Jurisdiction,0,None,47.39516944,47.39516944,-122.2843083,-122.2843083,5,Fell/Jumped from Vehicle,0,The First Harmful Event was Not a Collision with a Motor Vehicle in Transport,0,No,1,Non-Junction,1,Not an Intersection,1,On Roadway,0,None,1,Daylight,1,Clear,0,No,0000000,Not Applicable,99,Unknown,99,Unknown,99,Unknown EMS Scene Arrival Hour,99,Unknown EMS Scene Arrival Minutes,99,Unknown,99,Unknown EMS Hospital Arrival Time,1
53,Washington,530273,1,1,1,1,0,1,1,33,KING (33),100,AUBURN,8,August,1,1,1,Sunday,2021,0,0:00am-0:59am,43,43,SR-164,,3,State Highway,2,Urban,3,Principal Arterial - Other,1,State Highway Agency,0,This section IS NOT on the NHS,0,No Special Jurisdiction,7,7,47.29615278,47.29615278,-122.2160806,-122.2160806,8,Pedestrian,0,The First Harmful Event was Not a Collision with a Motor Vehicle in Transport,0,No,1,Non-Junction,1,Not an Intersection,1,On Roadway,0,None,3,Dark - Lighted,10,Cloudy,0,No,0000000,Not Applicable,99,Unknown,99,Unknown,99,Unknown EMS Scene Arrival Hour,99,Unknown EMS Scene Arrival Minutes,99,Unknown,99,Unknown EMS Hospital Arrival Time,1
53,Washington,530274,0,0,2,2,0,2,2,33,KING (33),2310,TUKWILA,8,August,3,3,3,Tuesday,2021,19,7:00pm-7:59pm,28,28,SOUTHCENTER PKWY,,6,Local Street - Municipality,2,Urban,5,Major Collector,4,City or Municipal Highway Agency,0,This section IS NOT on the NHS,0,No Special Jurisdiction,0,None,47.42638611,47.42638611,-122.2705,-122.2705,12,Motor Vehicle In-Transport,1,Front-to-Rear,0,No,1,Non-Junction,1,Not an Intersection,1,On Roadway,0,None,1,Daylight,1,Clear,0,No,0000000,Not Applicable,99,Unknown,99,Unknown,99,Unknown EMS Scene Arrival Hour,99,Unknown EMS Scene Arrival Minutes,99,Unknown,99,Unknown EMS Hospital Arrival Time,1
53,Washington,530275,0,0,2,2,0,2,2,25,GRANT (25),0,NOT APPLICABLE,7,July,26,26,2,Monday,2021,4,4:00am-4:59am,33,33,CR-ROAD 9 NW,,4,County Road,1,Rural,7,Local,2,County Highway Agency,0,This section IS NOT on the NHS,0,No Special Jurisdiction,36,36,47.21841944,47.21841944,-119.9309306,-119.9309306,12,Motor Vehicle In-Transport,1,Front-to-Rear,0,No,1,Non-Junction,1,Not an Intersection,1,On Roadway,0,None,2,Dark - Not Lighted,1,Clear,0,No,0000000,Not Applicable,99,Unknown,99,Unknown,99,Unknown EMS Scene Arrival Hour,99,Unknown EMS Scene Arrival Minutes,99,Unknown,99,Unknown EMS Hospital Arrival Time,1
53,Washington,530276,0,0,1,1,0,1,1,11,CLARK (11),2370,VANCOUVER,7,July,30,30,6,Friday,2021,22,10:00pm-10:59pm,17,17,SR-500,STAPLETON RD,3,State Highway,2,Urban,2,Principal Arterial - Other Freeways and Expressways,1,State Highway Agency,0,This section IS NOT on the NHS,0,No Special Jurisdiction,24,24,45.64786111,45.64786111,-122.6171333,-122.6171333,25,Concrete Traffic Barrier,0,The First Harmful Event was Not a Collision with a Motor Vehicle in Transport,1,Yes,3,Intersection-Related,4,Y-Intersection,12,Pedestrian Refuge Island or Traffic Island,0,None,3,Dark - Lighted,1,Clear,0,No,0000000,Not Applicable,99,Unknown,99,Unknown,99,Unknown EMS Scene Arrival Hour,99,Unknown EMS Scene Arrival Minutes,88,Not Applicable (Not Transported),88,Not Applicable (Not Transported),1
53,Washington,530277,0,0,2,2,0,7,7,57,SKAGIT (57),0,NOT APPLICABLE,8,August,3,3,3,Tuesday,2021,18,6:00pm-6:59pm,36,36,I-5,,1,Interstate,1,Rural,1,Interstate,1,State Highway Agency,1,This section IS ON the NHS,0,No Special Jurisdiction,2325,2325,48.5037,48.5037,-122.3371889,-122.3371889,57,Cable Barrier,0,The First Harmful Event was Not a Collision with a Motor Vehicle in Transport,0,No,1,Non-Junction,1,Not an Intersection,3,On Median,0,None,1,Daylight,1,Clear,0,No,0000000,Not Applicable,99,Unknown,99,Unknown,99,Unknown EMS Scene Arrival Hour,99,Unknown EMS Scene Arrival Minutes,99,Unknown,99,Unknown EMS Hospital Arrival Time,1
53,Washington,530279,0,0,2,2,0,2,2,43,LINCOLN (43),0,NOT APPLICABLE,8,August,6,6,6,Friday,2021,15,3:00pm-3:59pm,48,48,I-90,,1,Interstate,1,Rural,1,Interstate,1,State Highway Agency,1,This section IS ON the NHS,0,No Special Jurisdiction,2408,2408,47.30069722,47.30069722,-118.015975,-118.015975,12,Motor Vehicle In-Transport,6,Angle,0,No,1,Non-Junction,1,Not an Intersection,1,On Roadway,0,None,1,Daylight,1,Clear,0,No,0000000,Not Applicable,99,Unknown,99,Unknown,99,Unknown EMS Scene Arrival Hour,99,Unknown EMS Scene Arrival Minutes,99,Unknown,99,Unknown EMS Hospital Arrival Time,1
53,Washington,530280,0,0,1,1,0,7,7,77,YAKIMA (77),0,NOT APPLICABLE,8,August,5,5,5,Thursday,2021,10,10:00am-10:59am,5,5,CR-SHIELDS RD,,4,County Road,1,Rural,7,Local,2,County Highway Agency,0,This section IS NOT on the NHS,3,Indian Reservation,2,2,46.42255833,46.42255833,-120.5654611,-120.5654611,59,Traffic Sign Support,0,The First Harmful Event was Not a Collision with a Motor Vehicle in Transport,0,No,1,Non-Junction,1,Not an Intersection,4,On Roadside,0,None,1,Daylight,10,Cloudy,0,No,0000000,Not Applicable,99,Unknown,99,Unknown,99,Unknown EMS Scene Arrival Hour,99,Unknown EMS Scene Arrival Minutes,99,Unknown,99,Unknown EMS Hospital Arrival Time,3
53,Washington,530281,0,0,1,1,0,2,2,53,PIERCE (53),0,NOT APPLICABLE,8,August,6,6,6,Friday,2021,1,1:00am-1:59am,31,31,CR-WALLER RD E,,4,County Road,2,Urban,4,Minor Arterial,2,County Highway Agency,0,This section IS NOT on the NHS,0,No Special Jurisdiction,49,49,47.15834722,47.15834722,-122.3888861,-122.3888861,21,Bridge Pier or Support,0,The First Harmful Event was Not a Collision with a Motor Vehicle in Transport,0,No,1,Non-Junction,1,Not an Intersection,4,On Roadside,0,None,2,Dark - Not Lighted,8,Other,0,No,0000000,Not Applicable,99,Unknown,99,Unknown,99,Unknown EMS Scene Arrival Hour,99,Unknown EMS Scene Arrival Minutes,88,Not Applicable (Not Transported),88,Not Applicable (Not Transported),2
53,Washington,530282,0,0,2,2,0,3,3,63,SPOKANE (63),2113,SPOKANE VALLEY,7,July,24,24,7,Saturday,2021,19,7:00pm-7:59pm,52,52,SR-290,,3,State Highway,2,Urban,3,Principal Arterial - Other,1,State Highway Agency,0,This section IS NOT on the NHS,0,No Special Jurisdiction,98,98,47.69489167,47.69489167,-117.2103111,-117.2103111,12,Motor Vehicle In-Transport,2,Front-to-Front,0,No,1,Non-Junction,1,Not an Intersection,1,On Roadway,0,None,1,Daylight,1,Clear,0,No,0000000,Not Applicable,99,Unknown,99,Unknown,99,Unknown EMS Scene Arrival Hour,99,Unknown EMS Scene Arrival Minutes,99,Unknown,99,Unknown EMS Hospital Arrival Time,1
53,Washington,530283,0,0,2,2,0,4,4,11,CLARK (11),107,BATTLE GROUND,7,July,27,27,3,Tuesday,2021,16,4:00pm-4:59pm,52,52,SE EATON BLVD,,6,Local Street - Municipality,2,Urban,4,Minor Arterial,4,City or Municipal Highway Agency,0,This section IS NOT on the NHS,0,No Special Jurisdiction,0,None,45.76663611,45.76663611,-122.5114528,-122.5114528,12,Motor Vehicle In-Transport,2,Front-to-Front,0,No,1,Non-Junction,1,Not an Intersection,1,On Roadway,0,None,1,Daylight,1,Clear,0,No,0000000,Not Applicable,99,Unknown,99,Unknown,99,Unknown EMS Scene Arrival Hour,99,Unknown EMS Scene Arrival Minutes,99,Unknown,99,Unknown EMS Hospital Arrival Time,1
53,Washington,530284,0,0,2,2,0,5,5,53,PIERCE (53),2230,TACOMA,8,August,7,7,7,Saturday,2021,23,11:00pm-11:59pm,32,32,S 72ND ST,S Yakima Ave,6,Local Street - Municipality,2,Urban,3,Principal Arterial - Other,4,City or Municipal Highway Agency,0,This section IS NOT on the NHS,0,No Special Jurisdiction,0,None,47.19190556,47.19190556,-122.4432528,-122.4432528,12,Motor Vehicle In-Transport,6,Angle,0,No,2,Intersection,2,Four-Way Intersection,1,On Roadway,0,None,3,Dark - Lighted,1,Clear,0,No,0000000,Not Applicable,99,Unknown,99,Unknown,99,Unknown EMS Scene Arrival Hour,99,Unknown EMS Scene Arrival Minutes,99,Unknown,99,Unknown EMS Hospital Arrival Time,2
53,Washington,530285,0,0,1,1,0,1,1,73,WHATCOM (73),0,NOT APPLICABLE,8,August,9,9,2,Monday,2021,4,4:00am-4:59am,0,0,SR-547,,3,State Highway,1,Rural,5,Major Collector,1,State Highway Agency,0,This section IS NOT on the NHS,0,No Special Jurisdiction,40,40,48.96871944,48.96871944,-122.1639167,-122.1639167,38,Fence,0,The First Harmful Event was Not a Collision with a Motor Vehicle in Transport,0,No,1,Non-Junction,1,Not an Intersection,4,On Roadside,0,None,2,Dark - Not Lighted,10,Cloudy,0,No,0000000,Not Applicable,99,Unknown,99,Unknown,99,Unknown EMS Scene Arrival Hour,99,Unknown EMS Scene Arrival Minutes,88,Not Applicable (Not Transported),88,Not Applicable (Not Transported),1
53,Washington,530286,0,0,3,3,0,5,5,25,GRANT (25),0,NOT APPLICABLE,8,August,8,8,1,Sunday,2021,0,0:00am-0:59am,35,35,SR-243,,3,State Highway,1,Rural,4,Minor Arterial,1,State Highway Agency,0,This section IS NOT on the NHS,0,No Special Jurisdiction,106,106,46.68986111,46.68986111,-119.9138194,-119.9138194,12,Motor Vehicle In-Transport,2,Front-to-Front,0,No,1,Non-Junction,1,Not an Intersection,1,On Roadway,0,None,2,Dark - Not Lighted,1,Clear,0,No,0000000,Not Applicable,99,Unknown,99,Unknown,99,Unknown EMS Scene Arrival Hour,99,Unknown EMS Scene Arrival Minutes,99,Unknown,99,Unknown EMS Hospital Arrival Time,1
53,Washington,530287,0,0,1,1,0,1,1,73,WHATCOM (73),0,NOT APPLICABLE,6,June,1,1,3,Tuesday,2021,21,9:00pm-9:59pm,25,25,CR-ROOSEVELT WAY,BAY VIEW RD,4,County Road,1,Rural,6,Minor Collector,2,County Highway Agency,0,This section IS NOT on the NHS,0,No Special Jurisdiction,99999,Unknown,49.00203333,49.00203333,-123.0354667,-123.0354667,39,Wall,0,The First Harmful Event was Not a Collision with a Motor Vehicle in Transport,0,No,3,Intersection-Related,10,L-Intersection,4,On Roadside,0,None,1,Daylight,1,Clear,0,No,0000000,Not Applicable,99,Unknown,99,Unknown,99,Unknown EMS Scene Arrival Hour,99,Unknown EMS Scene Arrival Minutes,99,Unknown,99,Unknown EMS Hospital Arrival Time,1
53,Washington,530288,0,0,1,1,0,2,2,75,WHITMAN (75),0,NOT APPLICABLE,6,June,2,2,4,Wednesday,2021,13,1:00pm-1:59pm,20,20,SR-26,,3,State Highway,1,Rural,3,Principal Arterial - Other,1,State Highway Agency,0,This section IS NOT on the NHS,0,No Special Jurisdiction,99999,Unknown,46.81237778,46.81237778,-117.6138083,-117.6138083,59,Traffic Sign Support,0,The First Harmful Event was Not a Collision with a Motor Vehicle in Transport,0,No,1,Non-Junction,1,Not an Intersection,4,On Roadside,0,None,1,Daylight,1,Clear,0,No,0000000,Not Applicable,99,Unknown,99,Unknown,99,Unknown EMS Scene Arrival Hour,99,Unknown EMS Scene Arrival Minutes,99,Unknown,99,Unknown EMS Hospital Arrival Time,2
53,Washington,530289,1,1,1,1,0,1,1,35,KITSAP (35),0,NOT APPLICABLE,8,August,9,9,2,Monday,2021,22,10:00pm-10:59pm,42,42,CR-CLEAR CREEK RD NW,,4,County Road,2,Urban,4,Minor Arterial,2,County Highway Agency,0,This section IS NOT on the NHS,0,No Special Jurisdiction,29,29,47.70573056,47.70573056,-122.6920556,-122.6920556,8,Pedestrian,0,The First Harmful Event was Not a Collision with a Motor Vehicle in Transport,0,No,1,Non-Junction,1,Not an Intersection,1,On Roadway,0,None,2,Dark - Not Lighted,1,Clear,0,No,0000000,Not Applicable,99,Unknown,99,Unknown,99,Unknown EMS Scene Arrival Hour,99,Unknown EMS Scene Arrival Minutes,88,Not Applicable (Not Transported),88,Not Applicable (Not Transported),1
53,Washington,530290,0,0,1,1,0,1,1,23,GARFIELD (23),0,NOT APPLICABLE,8,August,10,10,3,Tuesday,2021,17,5:00pm-5:59pm,40,40,US-12,,2,U.S. Highway,1,Rural,3,Principal Arterial - Other,1,State Highway Agency,1,This section IS ON the NHS,0,No Special Jurisdiction,4080,4080,46.44624444,46.44624444,-117.45935,-117.45935,34,Ditch,0,The First Harmful Event was Not a Collision with a Motor Vehicle in Transport,0,No,1,Non-Junction,1,Not an Intersection,4,On Roadside,0,None,1,Daylight,1,Clear,0,No,0000000,Not Applicable,99,Unknown,99,Unknown,99,Unknown EMS Scene Arrival Hour,99,Unknown EMS Scene Arrival Minutes,99,Unknown,99,Unknown EMS Hospital Arrival Time,1
53,Washington,530291,0,0,2,2,0,5,5,11,CLARK (11),0,NOT APPLICABLE,8,August,12,12,5,Thursday,2021,0,0:00am-0:59am,0,0,I-5,,1,Interstate,2,Urban,1,Interstate,1,State Highway Agency,1,This section IS ON the NHS,0,No Special Jurisdiction,82,82,45.73198056,45.73198056,-122.6571056,-122.6571056,12,Motor Vehicle In-Transport,1,Front-to-Rear,0,No,1,Non-Junction,1,Not an Intersection,1,On Roadway,2,Maintenance,2,Dark - Not Lighted,1,Clear,0,No,0000000,Not Applicable,99,Unknown,99,Unknown,99,Unknown EMS Scene Arrival Hour,99,Unknown EMS Scene Arrival Minutes,99,Unknown,99,Unknown EMS Hospital Arrival Time,2
53,Washington,530292,0,0,2,2,0,2,2,71,WALLA WALLA (71),0,NOT APPLICABLE,8,August,6,6,6,Friday,2021,5,5:00am-5:59am,8,8,SR-124,,3,State Highway,1,Rural,4,Minor Arterial,1,State Highway Agency,0,This section IS NOT on the NHS,0,No Special Jurisdiction,91,91,46.23656389,46.23656389,-118.8362278,-118.8362278,12,Motor Vehicle In-Transport,2,Front-to-Front,0,No,1,Non-Junction,1,Not an Intersection,1,On Roadway,0,None,2,Dark - Not Lighted,1,Clear,0,No,0000000,Not Applicable,99,Unknown,99,Unknown,99,Unknown EMS Scene Arrival Hour,99,Unknown EMS Scene Arrival Minutes,99,Unknown,99,Unknown EMS Hospital Arrival Time,1
53,Washington,530293,0,0,1,1,0,1,1,67,THURSTON (67),1102,LACEY,8,August,7,7,7,Saturday,2021,3,3:00am-3:59am,18,18,COLLEGE ST SE,22nd Ave SE,6,Local Street - Municipality,2,Urban,3,Principal Arterial - Other,4,City or Municipal Highway Agency,0,This section IS NOT on the NHS,0,No Special Jurisdiction,0,None,47.02751111,47.02751111,-122.8233194,-122.8233194,1,Rollover/Overturn,0,The First Harmful Event was Not a Collision with a Motor Vehicle in Transport,0,No,2,Intersection,6,Roundabout,1,On Roadway,0,None,3,Dark - Lighted,1,Clear,0,No,0000000,Not Applicable,99,Unknown,99,Unknown,99,Unknown EMS Scene Arrival Hour,99,Unknown EMS Scene Arrival Minutes,99,Unknown,99,Unknown EMS Hospital Arrival Time,1
53,Washington,530294,0,0,1,1,0,2,2,27,GRAYS HARBOR (27),0,NOT APPLICABLE,8,August,2,2,2,Monday,2021,23,11:00pm-11:59pm,16,16,SR-109,,3,State Highway,1,Rural,5,Major Collector,1,State Highway Agency,0,This section IS NOT on the NHS,0,No Special Jurisdiction,243,243,47.15505556,47.15505556,-124.1829528,-124.1829528,42,Tree (Standing Only),0,The First Harmful Event was Not a Collision with a Motor Vehicle in Transport,0,No,1,Non-Junction,1,Not an Intersection,4,On Roadside,0,None,2,Dark - Not Lighted,1,Clear,0,No,0000000,Not Applicable,99,Unknown,99,Unknown,99,Unknown EMS Scene Arrival Hour,99,Unknown EMS Scene Arrival Minutes,99,Unknown,99,Unknown EMS Hospital Arrival Time,1
53,Washington,530296,1,1,1,1,0,1,1,33,KING (33),1960,SEATTLE,3,March,31,31,4,Wednesday,2021,11,11:00am-11:59am,59,59,WABASH AVE S,S Cloverdale Pl,6,Local Street - Municipality,2,Urban,5,Major Collector,4,City or Municipal Highway Agency,0,This section IS NOT on the NHS,0,No Special Jurisdiction,0,None,47.52771389,47.52771389,-122.2675861,-122.2675861,9,Pedalcyclist,0,The First Harmful Event was Not a Collision with a Motor Vehicle in Transport,0,No,2,Intersection,2,Four-Way Intersection,1,On Roadway,0,None,1,Daylight,1,Clear,0,No,0000000,Not Applicable,99,Unknown,99,Unknown,99,Unknown EMS Scene Arrival Hour,99,Unknown EMS Scene Arrival Minutes,99,Unknown,99,Unknown EMS Hospital Arrival Time,1
53,Washington,530297,0,0,2,2,0,2,2,53,PIERCE (53),0,NOT APPLICABLE,6,June,25,25,6,Friday,2021,16,4:00pm-4:59pm,6,6,SR-161,156TH ST,3,State Highway,2,Urban,3,Principal Arterial - Other,1,State Highway Agency,0,This section IS NOT on the NHS,0,No Special Jurisdiction,225,225,47.11468611,47.11468611,-122.2933139,-122.2933139,1,Rollover/Overturn,0,The First Harmful Event was Not a Collision with a Motor Vehicle in Transport,0,No,3,Intersection-Related,2,Four-Way Intersection,1,On Roadway,0,None,1,Daylight,1,Clear,0,No,0000000,Not Applicable,99,Unknown,99,Unknown,99,Unknown EMS Scene Arrival Hour,99,Unknown EMS Scene Arrival Minutes,99,Unknown,99,Unknown EMS Hospital Arrival Time,1
53,Washington,530298,0,0,2,2,0,3,3,25,GRANT (25),0,NOT APPLICABLE,8,August,11,11,4,Wednesday,2021,15,3:00pm-3:59pm,34,34,SR-283,ADAMS RD,3,State Highway,1,Rural,4,Minor Arterial,1,State Highway Agency,0,This section IS NOT on the NHS,0,No Special Jurisdiction,40,40,47.14278889,47.14278889,-119.7688361,-119.7688361,12,Motor Vehicle In-Transport,6,Angle,0,No,2,Intersection,2,Four-Way Intersection,1,On Roadway,0,None,1,Daylight,1,Clear,0,No,0000000,Not Applicable,99,Unknown,99,Unknown,99,Unknown EMS Scene Arrival Hour,99,Unknown EMS Scene Arrival Minutes,88,Not Applicable (Not Transported),88,Not Applicable (Not Transported),2
53,Washington,530299,0,0,1,1,0,1,1,61,SNOHOMISH (61),690,EVERETT,8,August,12,12,5,Thursday,2021,0,0:00am-0:59am,30,30,I-5 RAMP,,1,Interstate,2,Urban,1,Interstate,1,State Highway Agency,1,This section IS ON the NHS,0,No Special Jurisdiction,1941,1941,47.98218056,47.98218056,-122.1853028,-122.1853028,24,Guardrail Face,0,The First Harmful Event was Not a Collision with a Motor Vehicle in Transport,1,Yes,5,Entrance/Exit Ramp Related,1,Not an Intersection,4,On Roadside,0,None,2,Dark - Not Lighted,1,Clear,0,No,0000000,Not Applicable,99,Unknown,99,Unknown,99,Unknown EMS Scene Arrival Hour,99,Unknown EMS Scene Arrival Minutes,88,Not Applicable (Not Transported),88,Not Applicable (Not Transported),1
53,Washington,530300,1,1,1,1,0,1,1,53,PIERCE (53),0,NOT APPLICABLE,8,August,14,14,7,Saturday,2021,0,0:00am-0:59am,1,1,CR-CANYON RD E,,4,County Road,2,Urban,3,Principal Arterial - Other,2,County Highway Agency,0,This section IS NOT on the NHS,0,No Special Jurisdiction,60,60,47.16593056,47.16593056,-122.3571028,-122.3571028,8,Pedestrian,0,The First Harmful Event was Not a Collision with a Motor Vehicle in Transport,0,No,1,Non-Junction,1,Not an Intersection,1,On Roadway,0,None,3,Dark - Lighted,1,Clear,0,No,0000000,Not Applicable,99,Unknown,99,Unknown,99,Unknown EMS Scene Arrival Hour,99,Unknown EMS Scene Arrival Minutes,88,Not Applicable (Not Transported),88,Not Applicable (Not Transported),1
53,Washington,530302,1,1,1,1,0,1,1,33,KING (33),1030,KENT,8,August,15,15,1,Sunday,2021,2,2:00am-2:59am,39,39,W SMITH ST,,6,Local Street - Municipality,2,Urban,5,Major Collector,4,City or Municipal Highway Agency,0,This section IS NOT on the NHS,0,No Special Jurisdiction,0,None,47.38308056,47.38308056,-122.2397389,-122.2397389,9,Pedalcyclist,0,The First Harmful Event was Not a Collision with a Motor Vehicle in Transport,0,No,1,Non-Junction,1,Not an Intersection,1,On Roadway,0,None,3,Dark - Lighted,1,Clear,0,No,0000000,Not Applicable,99,Unknown,99,Unknown,99,Unknown EMS Scene Arrival Hour,99,Unknown EMS Scene Arrival Minutes,88,Not Applicable (Not Transported),88,Not Applicable (Not Transported),1
53,Washington,530303,0,0,2,2,0,2,2,61,SNOHOMISH (61),0,NOT APPLICABLE,8,August,8,8,1,Sunday,2021,15,3:00pm-3:59pm,50,50,I-5,,1,Interstate,2,Urban,1,Interstate,1,State Highway Agency,1,This section IS ON the NHS,0,No Special Jurisdiction,1964,1964,48.01326389,48.01326389,-122.1747583,-122.1747583,12,Motor Vehicle In-Transport,1,Front-to-Rear,0,No,1,Non-Junction,1,Not an Intersection,1,On Roadway,0,None,1,Daylight,1,Clear,0,No,0000000,Not Applicable,99,Unknown,99,Unknown,99,Unknown EMS Scene Arrival Hour,99,Unknown EMS Scene Arrival Minutes,99,Unknown,99,Unknown EMS Hospital Arrival Time,1
53,Washington,530304,0,0,1,1,0,4,4,1,ADAMS (1),0,NOT APPLICABLE,8,August,15,15,1,Sunday,2021,16,4:00pm-4:59pm,3,3,I-90,,1,Interstate,1,Rural,1,Interstate,1,State Highway Agency,1,This section IS ON the NHS,0,No Special Jurisdiction,2104,2104,47.11121111,47.11121111,-118.5603861,-118.5603861,1,Rollover/Overturn,0,The First Harmful Event was Not a Collision with a Motor Vehicle in Transport,0,No,1,Non-Junction,1,Not an Intersection,3,On Median,0,None,1,Daylight,1,Clear,0,No,0000000,Not Applicable,99,Unknown,99,Unknown,99,Unknown EMS Scene Arrival Hour,99,Unknown EMS Scene Arrival Minutes,88,Not Applicable (Not Transported),88,Not Applicable (Not Transported),1
53,Washington,530305,0,0,4,4,0,6,6,33,KING (33),1830,RENTON,8,August,16,16,2,Monday,2021,17,5:00pm-5:59pm,1,1,LIND AVE SW,SW 16th St,6,Local Street - Municipality,2,Urban,4,Minor Arterial,4,City or Municipal Highway Agency,0,This section IS NOT on the NHS,0,No Special Jurisdiction,0,None,47.46608056,47.46608056,-122.2233417,-122.2233417,12,Motor Vehicle In-Transport,6,Angle,0,No,2,Intersection,2,Four-Way Intersection,1,On Roadway,0,None,1,Daylight,1,Clear,0,No,0000000,Not Applicable,99,Unknown,99,Unknown,99,Unknown EMS Scene Arrival Hour,99,Unknown EMS Scene Arrival Minutes,99,Unknown,99,Unknown EMS Hospital Arrival Time,1
53,Washington,530306,0,0,2,2,0,2,2,63,SPOKANE (63),2110,SPOKANE,8,August,16,16,2,Monday,2021,20,8:00pm-8:59pm,53,53,W HOLYOKE AVE,,6,Local Street - Municipality,2,Urban,7,Local,4,City or Municipal Highway Agency,0,This section IS NOT on the NHS,0,No Special Jurisdiction,0,None,47.71805278,47.71805278,-117.4619611,-117.4619611,12,Motor Vehicle In-Transport,6,Angle,0,No,8,Driveway Access Related,1,Not an Intersection,1,On Roadway,0,None,3,Dark - Lighted,1,Clear,0,No,0000000,Not Applicable,99,Unknown,99,Unknown,99,Unknown EMS Scene Arrival Hour,99,Unknown EMS Scene Arrival Minutes,99,Unknown,99,Unknown EMS Hospital Arrival Time,1
53,Washington,530307,0,0,2,2,0,2,2,5,BENTON (5),0,NOT APPLICABLE,8,August,8,8,1,Sunday,2021,20,8:00pm-8:59pm,15,15,SR-221,SELLARDS RD,3,State Highway,1,Rural,4,Minor Arterial,1,State Highway Agency,0,This section IS NOT on the NHS,0,No Special Jurisdiction,134,134,46.13107778,46.13107778,-119.6016083,-119.6016083,12,Motor Vehicle In-Transport,6,Angle,0,No,2,Intersection,2,Four-Way Intersection,1,On Roadway,0,None,5,Dusk,1,Clear,0,No,0000000,Not Applicable,99,Unknown,99,Unknown,99,Unknown EMS Scene Arrival Hour,99,Unknown EMS Scene Arrival Minutes,88,Not Applicable (Not Transported),88,Not Applicable (Not Transported),2