STATE,STATENAME,ST_CASE,PEDS,PERNOTMVIT,VE_TOTAL,VE_FORMS,PVH_INVL,PERSONS,PERMVIT,COUNTY,COUNTYNAME,CITY,CITYNAME,MONTH,MONTHNAME,DAY,DAYNAME,DAY_WEEK,DAY_WEEKNAME,YEAR,HOUR,HOURNAME,MINUTE,MINUTENAME,TWAY_ID,TWAY_ID2,ROUTE,ROUTENAME,RUR_URB,RUR_URBNAME,FUNC_SYS,FUNC_SYSNAME,RD_OWNER,RD_OWNERNAME,NHS,NHSNAME,SP_JUR,SP_JURNAME,MILEPT,MILEPTNAME,LATITUDE,LATITUDENAME,LONGITUD,LONGITUDNAME,HARM_EV,HARM_EVNAME,MAN_COLL,MAN_COLLNAME,RELJCT1,RELJCT1NAME,RELJCT2,RELJCT2NAME,TYP_INT,TYP_INTNAME,REL_ROAD,REL_ROADNAME,WRK_ZONE,WRK_ZONENAME,LGT_COND,LGT_CONDNAME,WEATHER,WEATHERNAME,SCH_BUS,SCH_BUSNAME,RAIL,RAILNAME,NOT_HOUR,NOT_HOURNAME,NOT_MIN,NOT_MINNAME,ARR_HOUR,ARR_HOURNAME,ARR_MIN,ARR_MINNAME,HOSP_HR,HOSP_HRNAME,HOSP_MN,HOSP_MNNAME,FATALS
53,Washington,530458,0,0,2,2,0,2,2,53,PIERCE (53),2230,TACOMA,11,November,5,5,6,Friday,2021,21,9:00pm-9:59pm,35,35,S ORCHARD ST,Emerson St,6,Local Street - Municipality,2,Urban,3,Principal Arterial - Other,4,City or Municipal Highway Agency,0,This section IS NOT on the NHS,0,No Special Jurisdiction,99999,Unknown,47.22106667,47.22106667,-122.5051583,-122.5051583,12,Motor Vehicle In-Transport,6,Angle,0,No,2,Intersection,3,T-Intersection,1,On Roadway,0,None,3,Dark - Lighted,1,Clear,0,No,0000000,Not Applicable,99,Unknown,99,Unknown,99,Unknown EMS Scene Arrival Hour,99,Unknown EMS Scene Arrival Minutes,99,Unknown,99,Unknown EMS Hospital Arrival Time,1
53,Washington,530459,0,0,1,1,0,1,1,63,SPOKANE (63),0,NOT APPLICABLE,11,November,2,2,3,Tuesday,2021,11,11:00am-11:59am,56,56,US-195,,2,U.S. Highway,1,Rural,2,Principal Arterial - Other Freeways and Expressways,1,State Highway Agency,1,This section IS ON the NHS,0,No Special Jurisdiction,865,865,47.55781111,47.55781111,-117.3955778,-117.3955778,1,Rollover/Overturn,0,The First Harmful Event was Not a Collision with a Motor Vehicle in Transport,0,No,1,Non-Junction,1,Not an Intersection,3,On Median,0,None,1,Daylight,1,Clear,0,No,0000000,Not Applicable,99,Unknown,99,Unknown,99,Unknown EMS Scene Arrival Hour,99,Unknown EMS Scene Arrival Minutes,99,Unknown,99,Unknown EMS Hospital Arrival Time,1
53,Washington,530460,0,0,1,1,0,1,1,53,PIERCE (53),2230,TACOMA,9,September,28,28,3,Tuesday,2021,2,2:00am-2:59am,2,2,I-5,,1,Interstate,2,Urban,1,Interstate,1,State Highway Agency,1,This section IS ON the NHS,0,No Special Jurisdiction,1346,1346,47.23851667,47.23851667,-122.4157722,-122.4157722,25,Concrete Traffic Barrier,0,The First Harmful Event was Not a Collision with a Motor Vehicle in Transport,0,No,1,Non-Junction,1,Not an Intersection,4,On Roadside,1,Construction,3,Dark - Lighted,1,Clear,0,No,0000000,Not Applicable,99,Unknown,99,Unknown,99,Unknown EMS Scene Arrival Hour,99,Unknown EMS Scene Arrival Minutes,88,Not Applicable (Not Transported),88,Not Applicable (Not Transported),1
53,Washington,530461,0,0,2,2,0,2,2,17,DOUGLAS (17),0,NOT APPLICABLE,11,November,3,3,4,Wednesday,2021,17,5:00pm-5:59pm,47,47,SR-028,,3,State Highway,2,Urban,2,Principal Arterial - Other Freeways and Expressways,1,State Highway Agency,0,This section IS NOT on the NHS,0,No Special Jurisdiction,95,95,47.37785278,47.37785278,-120.1954806,-120.1954806,12,Motor Vehicle In-Transport,6,Angle,0,No,1,Non-Junction,1,Not an Intersection,1,On Roadway,0,None,5,Dusk,10,Cloudy,0,No,0000000,Not Applicable,99,Unknown,99,Unknown,99,Unknown EMS Scene Arrival Hour,99,Unknown EMS Scene Arrival Minutes,99,Unknown,99,Unknown EMS Hospital Arrival Time,1
53,Washington,530462,0,0,1,1,0,3,3,11,CLARK (11),0,NOT APPLICABLE,11,November,9,9,3,Tuesday,2021,2,2:00am-2:59am,20,20,CR-NE RISTO RD,,4,County Road,1,Rural,5,Major Collector,2,County Highway Agency,0,This section IS NOT on the NHS,0,No Special Jurisdiction,18,18,45.770425,45.770425,-122.4507528,-122.4507528,42,Tree (Standing Only),0,The First Harmful Event was Not a Collision with a Motor Vehicle in Transport,0,No,1,Non-Junction,1,Not an Intersection,4,On Roadside,0,None,2,Dark - Not Lighted,2,Rain,0,No,0000000,Not Applicable,99,Unknown,99,Unknown,99,Unknown EMS Scene Arrival Hour,99,Unknown EMS Scene Arrival Minutes,99,Unknown,99,Unknown EMS Hospital Arrival Time,1
53,Washington,530463,0,0,1,1,0,1,1,11,CLARK (11),0,NOT APPLICABLE,11,November,6,6,7,Saturday,2021,17,5:00pm-5:59pm,27,27,CR-NE HAZEL DELL AVE,,4,County Road,2,Urban,4,Minor Arterial,2,County Highway Agency,0,This section IS NOT on the NHS,0,No Special Jurisdiction,6,6,45.66311389,45.66311389,-122.6699639,-122.6699639,24,Guardrail Face,0,The First Harmful Event was Not a Collision with a Motor Vehicle in Transport,0,No,1,Non-Junction,1,Not an Intersection,4,On Roadside,0,None,5,Dusk,2,Rain,0,No,0000000,Not Applicable,99,Unknown,99,Unknown,99,Unknown EMS Scene Arrival Hour,99,Unknown EMS Scene Arrival Minutes,99,Unknown,99,Unknown EMS Hospital Arrival Time,1
53,Washington,530464,0,0,3,3,0,6,6,27,GRAYS HARBOR (27),0,NOT APPLICABLE,11,November,3,3,4,Wednesday,2021,17,5:00pm-5:59pm,53,53,US-12,,2,U.S. Highway,1,Rural,3,Principal Arterial - Other,1,State Highway Agency,0,This section IS NOT on the NHS,0,No Special Jurisdiction,83,83,46.97655833,46.97655833,-123.6441417,-123.6441417,12,Motor Vehicle In-Transport,8,Sideswipe - Opposite Direction,0,No,1,Non-Junction,1,Not an Intersection,1,On Roadway,0,None,2,Dark - Not Lighted,2,Rain,0,No,0000000,Not Applicable,99,Unknown,99,Unknown,99,Unknown EMS Scene Arrival Hour,99,Unknown EMS Scene Arrival Minutes,99,Unknown,99,Unknown EMS Hospital Arrival Time,2
53,Washington,530465,0,0,1,1,0,1,1,25,GRANT (25),0,NOT APPLICABLE,10,October,23,23,7,Saturday,2021,21,9:00pm-9:59pm,24,24,CR-ROAD 2 SW,,4,County Road,1,Rural,7,Local,2,County Highway Agency,0,This section IS NOT on the NHS,0,No Special Jurisdiction,99999,Unknown,47.05879722,47.05879722,-119.8555611,-119.8555611,1,Rollover/Overturn,0,The First Harmful Event was Not a Collision with a Motor Vehicle in Transport,0,No,1,Non-Junction,1,Not an Intersection,4,On Roadside,0,None,2,Dark - Not Lighted,1,Clear,0,No,0000000,Not Applicable,99,Unknown,99,Unknown,99,Unknown EMS Scene Arrival Hour,99,Unknown EMS Scene Arrival Minutes,99,Unknown,99,Unknown EMS Hospital Arrival Time,1
53,Washington,530466,0,0,1,1,0,2,2,53,PIERCE (53),0,NOT APPLICABLE,11,November,6,6,7,Saturday,2021,12,12:00pm-12:59pm,35,35,SR-512,,3,State Highway,2,Urban,2,Principal Arterial - Other Freeways and Expressways,1,State Highway Agency,0,This section IS NOT on the NHS,0,No Special Jurisdiction,55,55,47.15828056,47.15828056,-122.3642583,-122.3642583,42,Tree (Standing Only),0,The First Harmful Event was Not a Collision with a Motor Vehicle in Transport,0,No,1,Non-Junction,1,Not an Intersection,4,On Roadside,0,None,1,Daylight,2,Rain,0,No,0000000,Not Applicable,99,Unknown,99,Unknown,99,Unknown EMS Scene Arrival Hour,99,Unknown EMS Scene Arrival Minutes,99,Unknown,99,Unknown EMS Hospital Arrival Time,1
53,Washington,530467,0,0,1,1,0,1,1,19,FERRY (19),0,NOT APPLICABLE,10,October,6,6,4,Wednesday,2021,18,6:00pm-6:59pm,39,39,CR-BRIDGE CREEK RD,,4,County Road,1,Rural,5,Major Collector,2,County Highway Agency,0,This section IS NOT on the NHS,3,Indian Reservation,99999,Unknown,48.28715833,48.28715833,-118.243325,-118.243325,1,Rollover/Overturn,0,The First Harmful Event was Not a Collision with a Motor Vehicle in Transport,0,No,1,Non-Junction,1,Not an Intersection,4,On Roadside,0,None,1,Daylight,1,Clear,0,No,0000000,Not Applicable,99,Unknown,99,Unknown,99,Unknown EMS Scene Arrival Hour,99,Unknown EMS Scene Arrival Minutes,88,Not Applicable (Not Transported),88,Not Applicable (Not Transported),1
53,Washington,530468,0,0,2,2,0,5,5,25,GRANT (25),0,NOT APPLICABLE,10,October,17,17,1,Sunday,2021,16,4:00pm-4:59pm,18,18,CR-RD 4 NE,RD F NE,4,County Road,1,Rural,5,Major Collector,2,County Highway Agency,0,This section IS NOT on the NHS,0,No Special Jurisdiction,99999,Unknown,47.14623889,47.14623889,-119.3630361,-119.3630361,12,Motor Vehicle In-Transport,6,Angle,0,No,2,Intersection,2,Four-Way Intersection,1,On Roadway,0,None,1,Daylight,1,Clear,0,No,0000000,Not Applicable,99,Unknown,99,Unknown,99,Unknown EMS Scene Arrival Hour,99,Unknown EMS Scene Arrival Minutes,99,Unknown,99,Unknown EMS Hospital Arrival Time,1
53,Washington,530469,1,1,1,1,0,1,1,53,PIERCE (53),1770,PUYALLUP,11,November,14,14,1,Sunday,2021,2,2:00am-2:59am,31,31,SR-161,,3,State Highway,2,Urban,3,Principal Arterial - Other,1,State Highway Agency,0,This section IS NOT on the NHS,0,No Special Jurisdiction,256,256,47.15997222,47.15997222,-122.2933806,-122.2933806,8,Pedestrian,0,The First Harmful Event was Not a Collision with a Motor Vehicle in Transport,0,No,1,Non-Junction,1,Not an Intersection,5,Outside Trafficway,0,None,3,Dark - Lighted,2,Rain,0,No,0000000,Not Applicable,99,Unknown,99,Unknown,99,Unknown EMS Scene Arrival Hour,99,Unknown EMS Scene Arrival Minutes,99,Unknown,99,Unknown EMS Hospital Arrival Time,1
53,Washington,530470,0,0,3,3,0,5,5,7,CHELAN (7),0,NOT APPLICABLE,11,November,6,6,7,Saturday,2021,15,3:00pm-3:59pm,50,50,US-097,,2,U.S. Highway,1,Rural,3,Principal Arterial - Other,1,State Highway Agency,0,This section IS NOT on the NHS,0,No Special Jurisdiction,1541,1541,47.38725,47.38725,-120.60225,-120.60225,12,Motor Vehicle In-Transport,6,Angle,0,No,1,Non-Junction,1,Not an Intersection,1,On Roadway,0,None,1,Daylight,10,Cloudy,0,No,0000000,Not Applicable,99,Unknown,99,Unknown,99,Unknown EMS Scene Arrival Hour,99,Unknown EMS Scene Arrival Minutes,99,Unknown,99,Unknown EMS Hospital Arrival Time,1
53,Washington,530471,0,0,2,2,0,3,3,11,CLARK (11),0,NOT APPLICABLE,8,August,30,30,2,Monday,2021,14,2:00pm-2:59pm,16,16,CR-NE 259TH ST,NE 29TH AVE,4,County Road,1,Rural,5,Major Collector,2,County Highway Agency,0,This section IS NOT on the NHS,0,No Special Jurisdiction,20,20,45.80878333,45.80878333,-122.6408472,-122.6408472,12,Motor Vehicle In-Transport,6,Angle,0,No,2,Intersection,2,Four-Way Intersection,1,On Roadway,0,None,1,Daylight,10,Cloudy,0,No,0000000,Not Applicable,99,Unknown,99,Unknown,99,Unknown EMS Scene Arrival Hour,99,Unknown EMS Scene Arrival Minutes,99,Unknown,99,Unknown EMS Hospital Arrival Time,1
53,Washington,530472,0,0,1,1,0,1,1,19,FERRY (19),0,NOT APPLICABLE,11,November,12,12,6,Friday,2021,13,1:00pm-1:59pm,0,0,SR-395,,3,State Highway,1,Rural,3,Principal Arterial - Other,1,State Highway Agency,0,This section IS NOT on the NHS,0,No Special Jurisdiction,2516,2516,48.69541944,48.69541944,-118.1248639,-118.1248639,1,Rollover/Overturn,0,The First Harmful Event was Not a Collision with a Motor Vehicle in Transport,0,No,1,Non-Junction,1,Not an Intersection,4,On Roadside,0,None,1,Daylight,2,Rain,0,No,0000000,Not Applicable,99,Unknown,99,Unknown,99,Unknown EMS Scene Arrival Hour,99,Unknown EMS Scene Arrival Minutes,99,Unknown,99,Unknown EMS Hospital Arrival Time,1
53,Washington,530473,1,1,1,1,0,3,3,53,PIERCE (53),0,NOT APPLICABLE,11,November,4,4,5,Thursday,2021,23,11:00pm-11:59pm,52,52,SR-167,,3,State Highway,2,Urban,3,Principal Arterial - Other,1,State Highway Agency,0,This section IS NOT on the NHS,3,Indian Reservation,18,18,47.2286,47.2286,-122.3740611,-122.3740611,8,Pedestrian,0,The First Harmful Event was Not a Collision with a Motor Vehicle in Transport,0,No,1,Non-Junction,1,Not an Intersection,1,On Roadway,0,None,2,Dark - Not Lighted,10,Cloudy,0,No,0000000,Not Applicable,99,Unknown,99,Unknown,99,Unknown EMS Scene Arrival Hour,99,Unknown EMS Scene Arrival Minutes,99,Unknown,99,Unknown EMS Hospital Arrival Time,1
53,Washington,530474,0,0,2,2,0,3,3,33,KING (33),1960,SEATTLE,10,October,22,22,6,Friday,2021,23,11:00pm-11:59pm,23,23,I-90,,1,Interstate,2,Urban,1,Interstate,1,State Highway Agency,1,This section IS ON the NHS,0,No Special Jurisdiction,30,30,47.58967222,47.58967222,-122.2739639,-122.2739639,12,Motor Vehicle In-Transport,1,Front-to-Rear,0,No,1,Non-Junction,1,Not an Intersection,1,On Roadway,0,None,2,Dark - Not Lighted,10,Cloudy,0,No,0000000,Not Applicable,99,Unknown,99,Unknown,99,Unknown EMS Scene Arrival Hour,99,Unknown EMS Scene Arrival Minutes,88,Not Applicable (Not Transported),88,Not Applicable (Not Transported),1
53,Washington,530475,0,0,2,2,0,2,2,63,SPOKANE (63),524,DEEP CREEK,11,November,13,13,7,Saturday,2021,3,3:00am-3:59am,3,3,US-395,,2,U.S. Highway,1,Rural,2,Principal Arterial - Other Freeways and Expressways,1,State Highway Agency,1,This section IS ON the NHS,0,No Special Jurisdiction,1837,1837,47.93491111,47.93491111,-117.4698639,-117.4698639,12,Motor Vehicle In-Transport,8,Sideswipe - Opposite Direction,0,No,1,Non-Junction,1,Not an Intersection,1,On Roadway,0,None,2,Dark - Not Lighted,5,"Fog, Smog, Smoke",0,No,0000000,Not Applicable,99,Unknown,99,Unknown,99,Unknown EMS Scene Arrival Hour,99,Unknown EMS Scene Arrival Minutes,99,Unknown,99,Unknown EMS Hospital Arrival Time,1
53,Washington,530476,0,0,3,3,0,3,3,33,KING (33),1960,SEATTLE,11,November,9,9,3,Tuesday,2021,16,4:00pm-4:59pm,45,45,SR-18,,3,State Highway,2,Urban,2,Principal Arterial - Other Freeways and Expressways,1,State Highway Agency,0,This section IS NOT on the NHS,0,No Special Jurisdiction,92,92,47.32913889,47.32913889,-122.1591722,-122.1591722,12,Motor Vehicle In-Transport,8,Sideswipe - Opposite Direction,0,No,1,Non-Junction,1,Not an Intersection,1,On Roadway,0,None,1,Daylight,2,Rain,0,No,0000000,Not Applicable,99,Unknown,99,Unknown,99,Unknown EMS Scene Arrival Hour,99,Unknown EMS Scene Arrival Minutes,99,Unknown,99,Unknown EMS Hospital Arrival Time,1
53,Washington,530477,0,0,2,2,0,2,2,57,SKAGIT (57),1970,SEDRO-WOOLLEY,11,November,17,17,4,Wednesday,2021,6,6:00am-6:59am,3,3,SR-20,,3,State Highway,1,Rural,4,Minor Arterial,1,State Highway Agency,0,This section IS NOT on the NHS,0,No Special Jurisdiction,752,752,48.53016667,48.53016667,-122.028375,-122.028375,12,Motor Vehicle In-Transport,6,Angle,0,No,1,Non-Junction,1,Not an Intersection,1,On Roadway,0,None,2,Dark - Not Lighted,1,Clear,0,No,0000000,Not Applicable,99,Unknown,99,Unknown,99,Unknown EMS Scene Arrival Hour,99,Unknown EMS Scene Arrival Minutes,99,Unknown,99,Unknown EMS Hospital Arrival Time,1
53,Washington,530478,0,0,1,1,0,3,3,37,KITTITAS (37),1060,KITTITAS,11,November,11,11,5,Thursday,2021,22,10:00pm-10:59pm,13,13,I-90,,1,Interstate,1,Rural,1,Interstate,1,State Highway Agency,1,This section IS ON the NHS,0,No Special Jurisdiction,1250,1250,46.94393889,46.94393889,-120.1865778,-120.1865778,24,Guardrail Face,0,The First Harmful Event was Not a Collision with a Motor Vehicle in Transport,0,No,1,Non-Junction,1,Not an Intersection,4,On Roadside,0,None,2,Dark - Not Lighted,2,Rain,0,No,0000000,Not Applicable,99,Unknown,99,Unknown,99,Unknown EMS Scene Arrival Hour,99,Unknown EMS Scene Arrival Minutes,99,Unknown,99,Unknown EMS Hospital Arrival Time,1
53,Washington,530479,1,1,1,1,0,1,1,77,YAKIMA (77),2590,YAKIMA,11,November,17,17,4,Wednesday,2021,5,5:00am-5:59am,16,16,I-82,,1,Interstate,2,Urban,1,Interstate,1,State Highway Agency,1,This section IS ON the NHS,0,No Special Jurisdiction,355,355,46.57438333,46.57438333,-120.4720389,-120.4720389,8,Pedestrian,0,The First Harmful Event was Not a Collision with a Motor Vehicle in Transport,0,No,1,Non-Junction,1,Not an Intersection,1,On Roadway,0,None,2,Dark - Not Lighted,1,Clear,0,No,0000000,Not Applicable,99,Unknown,99,Unknown,99,Unknown EMS Scene Arrival Hour,99,Unknown EMS Scene Arrival Minutes,99,Unknown,99,Unknown EMS Hospital Arrival Time,1
53,Washington,530480,0,0,3,3,0,3,3,77,YAKIMA (77),0,NOT APPLICABLE,11,November,7,7,1,Sunday,2021,16,4:00pm-4:59pm,40,40,CR-YAKIMA VALLEY HWY,,4,County Road,1,Rural,5,Major Collector,2,County Highway Agency,0,This section IS NOT on the NHS,0,No Special Jurisdiction,323,323,46.28823056,46.28823056,-119.9463806,-119.9463806,12,Motor Vehicle In-Transport,7,Sideswipe - Same Direction,0,No,1,Non-Junction,1,Not an Intersection,1,On Roadway,0,None,1,Daylight,1,Clear,0,No,0000000,Not Applicable,99,Unknown,99,Unknown,99,Unknown EMS Scene Arrival Hour,99,Unknown EMS Scene Arrival Minutes,99,Unknown,99,Unknown EMS Hospital Arrival Time,1
53,Washington,530481,0,0,3,3,0,8,8,45,MASON (45),2000,SHELTON,11,November,9,9,3,Tuesday,2021,15,3:00pm-3:59pm,7,7,US-101,,2,U.S. Highway,1,Rural,2,Principal Arterial - Other Freeways and Expressways,1,State Highway Agency,1,This section IS ON the NHS,0,No Special Jurisdiction,3470,3470,47.19269167,47.19269167,-123.1179194,-123.1179194,12,Motor Vehicle In-Transport,1,Front-to-Rear,0,No,1,Non-Junction,1,Not an Intersection,1,On Roadway,0,None,1,Daylight,2,Rain,0,No,0000000,Not Applicable,99,Unknown,99,Unknown,99,Unknown EMS Scene Arrival Hour,99,Unknown EMS Scene Arrival Minutes,99,Unknown,99,Unknown EMS Hospital Arrival Time,2
53,Washington,530482,0,0,2,2,0,3,3,61,SNOHOMISH (61),0,NOT APPLICABLE,11,November,18,18,5,Thursday,2021,12,12:00pm-12:59pm,50,50,SR-002,,3,State Highway,2,Urban,3,Principal Arterial - Other,1,State Highway Agency,0,This section IS NOT on the NHS,0,No Special Jurisdiction,179,179,47.85485,47.85485,-121.90815,-121.90815,12,Motor Vehicle In-Transport,2,Front-to-Front,0,No,1,Non-Junction,1,Not an Intersection,1,On Roadway,0,None,1,Daylight,10,Cloudy,0,No,0000000,Not Applicable,99,Unknown,99,Unknown,99,Unknown EMS Scene Arrival Hour,99,Unknown EMS Scene Arrival Minutes,99,Unknown,99,Unknown EMS Hospital Arrival Time,2
53,Washington,530483,0,0,2,2,0,3,3,25,GRANT (25),0,NOT APPLICABLE,11,November,15,15,2,Monday,2021,19,7:00pm-7:59pm,17,17,I-90,,1,Interstate,1,Rural,1,Interstate,1,State Highway Agency,1,This section IS ON the NHS,0,No Special Jurisdiction,1403,1403,47.00457778,47.00457778,-119.9720694,-119.9720694,12,Motor Vehicle In-Transport,1,Front-to-Rear,0,No,1,Non-Junction,1,Not an Intersection,1,On Roadway,0,None,2,Dark - Not Lighted,6,Severe Crosswinds,0,No,0000000,Not Applicable,99,Unknown,99,Unknown,99,Unknown EMS Scene Arrival Hour,99,Unknown EMS Scene Arrival Minutes,99,Unknown,99,Unknown EMS Hospital Arrival Time,1
53,Washington,530484,0,0,1,1,0,2,2,33,KING (33),2310,TUKWILA,11,November,14,14,1,Sunday,2021,0,0:00am-0:59am,19,19,I-005,,1,Interstate,2,Urban,1,Interstate,1,State Highway Agency,1,This section IS ON the NHS,0,No Special Jurisdiction,1540,1540,47.45559722,47.45559722,-122.2635722,-122.2635722,20,Impact Attenuator/Crash Cushion,0,The First Harmful Event was Not a Collision with a Motor Vehicle in Transport,0,No,1,Non-Junction,1,Not an Intersection,8,Gore,0,None,3,Dark - Lighted,2,Rain,0,No,0000000,Not Applicable,99,Unknown,99,Unknown,99,Unknown EMS Scene Arrival Hour,99,Unknown EMS Scene Arrival Minutes,99,Unknown,99,Unknown EMS Hospital Arrival Time,2
53,Washington,530486,0,0,1,1,0,1,1,33,KING (33),1960,SEATTLE,10,October,25,25,2,Monday,2021,2,2:00am-2:59am,5,5,I-5,,1,Interstate,2,Urban,1,Interstate,1,State Highway Agency,1,This section IS ON the NHS,0,No Special Jurisdiction,1670,1670,47.62788889,47.62788889,-122.32785,-122.32785,24,Guardrail Face,0,The First Harmful Event was Not a Collision with a Motor Vehicle in Transport,0,No,1,Non-Junction,1,Not an Intersection,3,On Median,0,None,3,Dark - Lighted,10,Cloudy,0,No,0000000,Not Applicable,99,Unknown,99,Unknown,99,Unknown EMS Scene Arrival Hour,99,Unknown EMS Scene Arrival Minutes,99,Unknown,99,Unknown EMS Hospital Arrival Time,1
53,Washington,530487,0,0,2,2,0,2,2,33,KING (33),1030,KENT,11,November,21,21,1,Sunday,2021,3,3:00am-3:59am,8,8,124TH AVE SE,SE 202nd Pl,6,Local Street - Municipality,2,Urban,7,Local,4,City or Municipal Highway Agency,0,This section IS NOT on the NHS,0,No Special Jurisdiction,0,None,47.420875,47.420875,-122.1759556,-122.1759556,12,Motor Vehicle In-Transport,6,Angle,0,No,2,Intersection,3,T-Intersection,1,On Roadway,0,None,3,Dark - Lighted,5,"Fog, Smog, Smoke",0,No,0000000,Not Applicable,99,Unknown,99,Unknown,99,Unknown EMS Scene Arrival Hour,99,Unknown EMS Scene Arrival Minutes,99,Unknown,99,Unknown EMS Hospital Arrival Time,1
53,Washington,530488,0,0,2,2,0,3,3,73,WHATCOM (73),110,BELLINGHAM,11,November,14,14,1,Sunday,2021,19,7:00pm-7:59pm,6,6,LAKEWAY DR,,6,Local Street - Municipality,2,Urban,3,Principal Arterial - Other,4,City or Municipal Highway Agency,0,This section IS NOT on the NHS,0,No Special Jurisdiction,0,None,48.74756944,48.74756944,-122.4391722,-122.4391722,12,Motor Vehicle In-Transport,6,Angle,0,No,1,Non-Junction,1,Not an Intersection,1,On Roadway,0,None,3,Dark - Lighted,2,Rain,0,No,0000000,Not Applicable,99,Unknown,99,Unknown,99,Unknown EMS Scene Arrival Hour,99,Unknown EMS Scene Arrival Minutes,99,Unknown,99,Unknown EMS Hospital Arrival Time,2
53,Washington,530489,0,0,1,1,0,1,1,1,ADAMS (1),0,NOT APPLICABLE,11,November,21,21,1,Sunday,2021,3,3:00am-3:59am,30,30,I-90,,1,Interstate,1,Rural,1,Interstate,1,State Highway Agency,1,This section IS ON the NHS,0,No Special Jurisdiction,1,1,47.11353056,47.11353056,-118.3736333,-118.3736333,51,Jackknife (harmful to this vehicle),0,The First Harmful Event was Not a Collision with a Motor Vehicle in Transport,0,No,1,Non-Junction,1,Not an Intersection,3,On Median,0,None,3,Dark - Lighted,1,Clear,0,No,0000000,Not Applicable,99,Unknown,99,Unknown,99,Unknown EMS Scene Arrival Hour,99,Unknown EMS Scene Arrival Minutes,99,Unknown,99,Unknown EMS Hospital Arrival Time,1
53,Washington,530490,1,1,1,1,0,1,1,77,YAKIMA (77),2590,YAKIMA,11,November,1,1,2,Monday,2021,0,0:00am-0:59am,15,15,I-82,,1,Interstate,2,Urban,1,Interstate,1,State Highway Agency,1,This section IS ON the NHS,0,No Special Jurisdiction,336,336,46.600625,46.600625,-120.4822778,-120.4822778,8,Pedestrian,0,The First Harmful Event was Not a Collision with a Motor Vehicle in Transport,0,No,1,Non-Junction,1,Not an Intersection,1,On Roadway,0,None,2,Dark - Not Lighted,1,Clear,0,No,0000000,Not Applicable,99,Unknown,99,Unknown,99,Unknown EMS Scene Arrival Hour,99,Unknown EMS Scene Arrival Minutes,99,Unknown,99,Unknown EMS Hospital Arrival Time,1
53,Washington,530491,0,0,5,5,0,8,8,61,SNOHOMISH (61),0,NOT APPLICABLE,11,November,25,25,5,Thursday,2021,15,3:00pm-3:59pm,52,52,SR-532,,3,State Highway,1,Rural,4,Minor Arterial,1,State Highway Agency,0,This section IS NOT on the NHS,0,No Special Jurisdiction,76,76,48.23639167,48.23639167,-122.2942583,-122.2942583,12,Motor Vehicle In-Transport,1,Front-to-Rear,0,No,1,Non-Junction,1,Not an Intersection,1,On Roadway,0,None,1,Daylight,2,Rain,0,No,0000000,Not Applicable,99,Unknown,99,Unknown,99,Unknown EMS Scene Arrival Hour,99,Unknown EMS Scene Arrival Minutes,99,Unknown,99,Unknown EMS Hospital Arrival Time,1
53,Washington,530492,1,1,1,1,0,1,1,53,PIERCE (53),2230,TACOMA,11,November,25,25,5,Thursday,2021,15,3:00pm-3:59pm,45,45,E 56TH ST,,6,Local Street - Municipality,2,Urban,7,Local,4,City or Municipal Highway Agency,0,This section IS NOT on the NHS,0,No Special Jurisdiction,0,None,47.20608056,47.20608056,-122.4011667,-122.4011667,8,Pedestrian,0,The First Harmful Event was Not a Collision with a Motor Vehicle in Transport,0,No,1,Non-Junction,1,Not an Intersection,1,On Roadway,0,None,1,Daylight,2,Rain,0,No,0000000,Not Applicable,99,Unknown,99,Unknown,99,Unknown EMS Scene Arrival Hour,99,Unknown EMS Scene Arrival Minutes,99,Unknown,99,Unknown EMS Hospital Arrival Time,1
53,Washington,530493,1,1,1,1,0,1,1,33,KING (33),1960,SEATTLE,9,September,9,9,5,Thursday,2021,23,11:00pm-11:59pm,51,51,SR-99,N 46TH ST,3,State Highway,2,Urban,2,Principal Arterial - Other Freeways and Expressways,1,State Highway Agency,0,This section IS NOT on the NHS,0,No Special Jurisdiction,291,291,47.66219444,47.66219444,-122.3472583,-122.3472583,8,Pedestrian,0,The First Harmful Event was Not a Collision with a Motor Vehicle in Transport,0,No,2,Intersection,3,T-Intersection,1,On Roadway,0,None,3,Dark - Lighted,1,Clear,0,No,0000000,Not Applicable,99,Unknown,99,Unknown,99,Unknown EMS Scene Arrival Hour,99,Unknown EMS Scene Arrival Minutes,88,Not Applicable (Not Transported),88,Not Applicable (Not Transported),1
53,Washington,530494,0,0,2,2,0,2,2,15,COWLITZ (15),2570,WOODLAND,12,December,2,2,5,Thursday,2021,6,6:00am-6:59am,24,24,I-5,,1,Interstate,2,Urban,1,Interstate,1,State Highway Agency,1,This section IS ON the NHS,0,No Special Jurisdiction,208,208,45.90163889,45.90163889,-122.7403722,-122.7403722,12,Motor Vehicle In-Transport,7,Sideswipe - Same Direction,0,No,1,Non-Junction,1,Not an Intersection,1,On Roadway,0,None,3,Dark - Lighted,10,Cloudy,0,No,0000000,Not Applicable,99,Unknown,99,Unknown,99,Unknown EMS Scene Arrival Hour,99,Unknown EMS Scene Arrival Minutes,99,Unknown,99,Unknown EMS Hospital Arrival Time,1